classification,PnL_roll_std_500
Extreme Fear,581.5613720587206
Extreme Greed,469.6267736412466
Fear,457.4914984685755
Greed,491.02536913933625
Neutral,284.68707710945097
